ratios_id,symbol,name,company_id,sector,year,gross_margin,net_profit_margin,roe,roa,current_ratio,debt_to_equity,debt_to_assets,eps,p/e_ratio,p/s_ratio,p/b_ratio,dividend_per_share,dividend_yield
0,CMCSA,Comcast Corp,0,Comunicacion,2023,88.09,12.66,18.61,5.81,0.6,2.2,0.69,4.03,10.88,1.38,2.02,1.25,2.85
1,CMCSA,Comcast Corp,0,Comunicacion,2022,80.82,4.42,6.63,2.09,0.78,2.18,0.69,1.41,24.8,1.1,1.65,1.24,3.55
2,CMCSA,Comcast Corp,0,Comunicacion,2021,80.6,12.17,14.73,5.13,0.85,1.87,0.65,3.71,13.57,1.65,2.0,1.19,2.36
3,CMCSA,Comcast Corp,0,Comunicacion,2020,79.91,10.17,11.66,3.85,0.93,2.03,0.67,2.76,18.99,1.93,2.21,1.08,2.06
4,CMCSA,Comcast Corp,0,Comunicacion,2019,80.03,11.99,15.78,4.96,0.84,2.18,0.69,3.42,13.15,1.58,2.07,0.98,2.18
5,CMCSA,Comcast Corp,0,Comunicacion,2018,79.14,12.41,16.38,4.66,0.79,2.51,0.72,3.07,11.09,1.38,1.81,0.88,2.58
6,NFLX,Netflix Inc,1,Comunicacion,2023,41.54,16.04,26.27,11.1,1.12,1.37,0.58,12.65,38.49,6.17,10.11,0.0,0.0
7,NFLX,Netflix Inc,1,Comunicacion,2022,39.37,14.21,21.62,9.24,1.17,1.34,0.57,10.51,28.06,3.99,6.07,0.0,0.0
8,NFLX,Netflix Inc,1,Comunicacion,2021,41.64,17.23,32.28,11.48,0.95,1.81,0.64,11.97,50.33,8.67,16.25,0.0,0.0
9,NFLX,Netflix Inc,1,Comunicacion,2020,38.89,11.05,24.96,7.03,1.25,2.55,0.72,6.46,83.7,9.25,20.89,0.0,0.0
10,NFLX,Netflix Inc,1,Comunicacion,2019,38.28,9.26,24.62,5.49,0.9,3.48,0.78,4.37,74.04,6.86,18.24,0.0,0.0
11,NFLX,Netflix Inc,1,Comunicacion,2018,36.89,7.67,23.12,4.66,1.49,3.96,0.8,2.83,94.58,7.24,21.84,0.0,0.0
12,DIS,Walt Disney Company,2,Comunicacion,2023,76.75,2.65,2.37,1.15,1.05,1.07,0.52,1.3,62.35,1.65,1.48,0.0,0.0
13,DIS,Walt Disney Company,2,Comunicacion,2022,77.54,3.8,3.31,1.54,1.0,1.14,0.53,1.74,54.21,2.07,1.8,0.0,0.0
14,DIS,Walt Disney Company,2,Comunicacion,2021,75.89,2.96,2.25,0.98,1.08,1.3,0.57,1.1,153.79,4.54,3.46,0.0,0.0
15,DIS,Walt Disney Company,2,Comunicacion,2020,68.88,-4.38,-3.43,-1.42,1.32,1.41,0.59,-1.58,-78.53,3.44,2.69,0.88,0.71
16,DIS,Walt Disney Company,2,Comunicacion,2019,79.77,15.88,12.44,5.7,0.9,1.18,0.54,6.1,21.36,3.39,2.66,1.6,1.23
17,WBD,Warner Bros Discovery Inc,3,Comunicacion,2023,-10.44,-8.04,-6.91,-2.55,0.93,1.69,0.62,-1.27,-8.96,0.72,0.62,0.0,0.0
18,WBD,Warner Bros Discovery Inc,3,Comunicacion,2022,-21.32,-21.16,-15.65,-5.5,0.93,1.81,0.64,-3.0,-3.16,0.67,0.49,0.12,1.27
19,WBD,Warner Bros Discovery Inc,3,Comunicacion,2021,19.84,7.87,8.67,2.92,2.1,1.81,0.61,0.41,57.41,4.52,4.98,0.1,0.42
20,WBD,Warner Bros Discovery Inc,3,Comunicacion,2020,26.81,11.11,11.65,3.58,1.99,2.07,0.64,0.5,60.18,6.73,7.05,0.0,0.0
21,WBD,Warner Bros Discovery Inc,3,Comunicacion,2019,30.67,17.98,20.92,6.13,1.61,2.2,0.65,0.84,38.98,6.98,8.12,0.0,0.0
22,WBD,Warner Bros Discovery Inc,3,Comunicacion,2018,62.71,5.63,7.08,1.82,1.06,2.63,0.68,0.24,103.08,5.75,7.24,0.0,0.0
23,CHTR,Charter Communications Inc,4,Comunicacion,2023,89.63,8.35,41.11,3.1,0.31,12.28,0.92,32.05,12.13,1.01,4.99,0.15,0.04
24,CHTR,Charter Communications Inc,4,Comunicacion,2022,91.01,9.36,55.43,3.5,0.33,14.85,0.94,35.55,9.54,0.89,5.29,0.78,0.23
25,CHTR,Charter Communications Inc,4,Comunicacion,2021,90.33,9.01,33.12,3.27,0.29,9.14,0.9,32.73,19.92,1.79,6.6,0.31,0.05
26,CHTR,Charter Communications Inc,4,Comunicacion,2020,88.86,6.7,13.53,2.23,0.4,5.06,0.83,22.66,29.19,1.96,3.95,112.95,17.07
27,CHTR,Charter Communications Inc,4,Comunicacion,2019,87.32,3.64,5.3,1.13,0.52,3.71,0.79,11.73,41.35,1.51,2.19,0.83,0.17
28,CHTR,Charter Communications Inc,4,Comunicacion,2018,86.44,2.82,3.39,0.84,0.23,3.03,0.75,8.65,32.94,0.93,1.12,1.08,0.38
29,PG,Procter & Gamble Company,5,Consumo Basico,2023,21.31,17.87,31.13,12.13,0.63,1.57,0.61,6.22,24.4,4.36,7.59,3.82,2.52
30,PG,Procter & Gamble Company,5,Consumo Basico,2022,21.51,18.38,31.46,12.58,0.65,1.5,0.6,6.26,22.97,4.22,7.23,3.72,2.59
31,PG,Procter & Gamble Company,5,Consumo Basico,2021,22.78,18.79,30.66,11.99,0.7,1.56,0.61,6.07,22.23,4.17,6.81,3.51,2.6
32,PG,Procter & Gamble Company,5,Consumo Basico,2020,20.53,18.36,27.79,10.79,0.85,1.57,0.61,5.53,21.62,3.97,6.01,3.31,2.77
33,PG,Procter & Gamble Company,5,Consumo Basico,2019,6.48,5.76,8.19,3.39,0.75,1.42,0.59,1.65,66.96,3.84,5.47,3.18,2.88
34,PG,Procter & Gamble Company,5,Consumo Basico,2018,17.45,14.59,18.44,8.24,0.83,1.24,0.55,4.14,18.86,2.75,3.48,3.1,3.97
35,KO,The Coca-Cola Company,6,Consumo Basico,2023,59.52,23.42,41.3,10.97,1.13,2.77,0.73,2.49,23.67,5.55,9.79,1.85,3.14
36,KO,The Coca-Cola Company,6,Consumo Basico,2022,58.14,22.19,39.59,10.29,1.15,2.85,0.74,2.22,28.65,6.37,11.37,1.77,2.78
37,KO,The Coca-Cola Company,6,Consumo Basico,2021,60.27,25.28,42.48,10.36,1.13,3.1,0.76,2.27,26.08,6.6,11.09,1.68,2.84
38,KO,The Coca-Cola Company,6,Consumo Basico,2020,59.31,23.47,40.14,8.87,1.32,3.52,0.78,1.8,30.47,7.16,12.24,1.64,2.99
39,KO,The Coca-Cola Company,6,Consumo Basico,2019,60.77,23.94,46.99,10.33,0.76,3.55,0.78,2.07,26.74,6.4,12.56,1.59,2.87
40,KO,The Coca-Cola Company,6,Consumo Basico,2018,61.9,18.76,37.89,7.73,0.87,3.9,0.8,1.49,31.78,5.95,12.01,1.54,3.25
41,PEP,PepsiCo Inc,7,Consumo Basico,2023,54.21,9.92,49.04,9.03,0.85,4.42,0.81,6.61,25.69,2.55,12.59,4.87,2.87
42,PEP,PepsiCo Inc,7,Consumo Basico,2022,53.03,10.31,51.96,9.67,0.8,4.37,0.81,6.49,27.84,2.87,14.45,4.5,2.49
43,PEP,PepsiCo Inc,7,Consumo Basico,2021,53.35,9.59,47.48,8.25,0.83,4.75,0.83,5.55,31.3,3.0,14.86,4.24,2.44
44,PEP,PepsiCo Inc,7,Consumo Basico,2020,54.82,10.12,52.92,7.66,0.98,5.9,0.85,5.19,28.57,2.89,15.12,4.02,2.71
45,PEP,PepsiCo Inc,7,Consumo Basico,2019,55.13,10.89,49.47,9.31,0.86,4.31,0.81,5.33,25.64,2.79,12.68,3.87,2.83
46,PEP,PepsiCo Inc,7,Consumo Basico,2018,54.56,19.35,86.2,16.12,0.99,4.34,0.81,9.12,12.11,2.34,10.44,3.59,3.25
47,WMT,Walmart Inc,8,Consumo Basico,2023,24.14,1.91,15.23,4.8,0.82,2.17,0.68,4.36,33.0,0.63,5.03,2.28,1.58
48,WMT,Walmart Inc,8,Consumo Basico,2022,25.1,2.39,16.42,5.58,0.93,1.94,0.66,5.1,27.41,0.65,4.5,2.3,1.65
49,WMT,Walmart Inc,8,Consumo Basico,2021,24.83,2.42,16.69,5.35,0.97,2.12,0.68,5.04,27.63,0.67,4.61,2.28,1.64
50,WMT,Walmart Inc,8,Consumo Basico,2020,24.69,2.84,19.93,6.29,0.79,2.17,0.68,5.55,20.63,0.59,4.11,2.26,1.97
51,WMT,Walmart Inc,8,Consumo Basico,2019,25.1,1.3,9.2,3.04,0.8,2.02,0.67,2.49,38.49,0.5,3.54,2.28,2.38
52,WMT,Walmart Inc,8,Consumo Basico,2018,25.37,1.97,12.66,4.82,0.76,1.63,0.62,3.68,28.97,0.57,3.67,2.29,2.15
53,COST,Costco Wholesale Corp,9,Consumo Basico,2023,3.28,2.6,25.11,9.12,1.07,1.75,0.64,14.2,38.33,1.0,9.62,2.82,0.52
54,COST,Costco Wholesale Corp,9,Consumo Basico,2022,3.33,2.57,28.31,9.11,1.02,2.11,0.68,13.19,40.26,1.04,11.4,3.38,0.64
55,COST,Costco Wholesale Corp,9,Consumo Basico,2021,3.4,2.56,28.51,8.45,1.0,2.35,0.69,11.3,40.35,1.03,11.5,12.97,2.84
56,COST,Costco Wholesale Corp,9,Consumo Basico,2020,3.24,2.4,21.89,7.2,1.13,2.02,0.66,9.03,38.5,0.92,8.42,3.34,0.96
57,COST,Costco Wholesale Corp,9,Consumo Basico,2019,10.78,2.4,24.0,8.06,1.01,1.96,0.66,8.26,35.69,0.86,8.57,2.34,0.79
58,COST,Costco Wholesale Corp,9,Consumo Basico,2018,3.16,2.21,24.49,7.68,1.02,2.17,0.68,7.07,32.97,0.73,8.07,1.56,0.67
59,AMZN,Amazon.com Inc,10,Consumo discrecional,2023,32.16,5.32,15.07,5.76,1.05,1.61,0.62,2.89,52.57,2.79,7.91,0.0,0.0
60,AMZN,Amazon.com Inc,10,Consumo discrecional,2022,27.22,-0.53,-1.86,-0.59,0.94,2.17,0.68,-0.26,-323.08,1.73,6.05,0.0,0.0
61,AMZN,Amazon.com Inc,10,Consumo discrecional,2021,27.12,7.13,24.13,7.93,1.14,2.04,0.67,63.46,52.54,3.75,12.68,0.0,0.0
62,AMZN,Amazon.com Inc,10,Consumo discrecional,2020,26.68,5.55,22.84,6.64,1.05,2.44,0.71,40.57,80.28,4.45,18.33,0.0,0.0
63,AMZN,Amazon.com Inc,10,Consumo discrecional,2019,24.25,4.15,18.67,5.14,1.1,2.63,0.72,22.04,83.84,3.48,15.65,0.0,0.0
64,AMZN,Amazon.com Inc,10,Consumo discrecional,2018,28.23,4.36,23.13,6.19,1.1,2.73,0.73,19.16,78.39,3.41,18.13,0.0,0.0
65,TSLA,Tesla Inc,11,Consumo discrecional,2023,18.25,15.5,23.94,14.07,1.73,0.69,0.4,4.67,53.21,8.24,12.73,0.0,0.0
66,TSLA,Tesla Inc,11,Consumo discrecional,2022,25.6,15.41,28.09,15.25,1.53,0.82,0.44,3.91,31.5,4.85,8.85,0.0,0.0
67,TSLA,Tesla Inc,11,Consumo discrecional,2021,25.28,10.25,18.28,8.88,1.38,1.01,0.49,5.16,204.8,21.01,37.46,0.0,0.0
68,TSLA,Tesla Inc,11,Consumo discrecional,2020,21.02,2.29,3.24,1.38,1.88,1.28,0.54,0.67,1053.24,23.94,33.97,0.0,0.0
69,TSLA,Tesla Inc,11,Consumo discrecional,2019,16.56,-3.51,-13.03,-2.51,1.13,3.96,0.76,-4.03,-103.8,3.64,13.53,0.0,0.0
70,TSLA,Tesla Inc,11,Consumo discrecional,2018,18.83,-4.55,-19.83,-3.28,0.83,4.76,0.79,-4.56,-72.98,3.32,14.47,0.0,0.0
71,HD,Home Depot Inc,12,Consumo discrecional,2023,33.53,10.87,1095.07,22.38,1.41,47.94,0.98,17.22,18.25,1.98,199.84,7.84,2.49
72,HD,Home Depot Inc,12,Consumo discrecional,2022,33.63,10.87,-968.93,22.86,1.01,-43.38,1.02,16.54,22.19,2.41,-214.94,7.03,1.92
73,HD,Home Depot Inc,12,Consumo discrecional,2021,33.95,9.74,390.0,18.23,1.23,20.39,0.95,12.95,20.85,2.03,81.32,6.49,2.4
74,HD,Home Depot Inc,12,Consumo discrecional,2020,34.09,10.2,-360.78,21.94,1.08,-17.44,1.06,11.32,20.45,2.09,-73.81,6.0,2.59
75,HD,Home Depot Inc,12,Consumo discrecional,2019,34.34,10.28,-592.17,25.27,1.11,-24.43,1.04,11.2,16.65,1.71,-98.61,4.74,2.54
76,HD,Home Depot Inc,12,Consumo discrecional,2018,34.05,8.55,593.54,19.38,1.17,29.63,0.97,8.69,23.58,2.02,140.0,4.24,2.07
77,MCD,McDonald’s Corporation,13,Consumo discrecional,2023,81.27,33.22,-179.92,15.08,1.16,-12.93,1.08,11.82,25.09,8.33,-45.14,6.33,2.13
78,MCD,McDonald’s Corporation,13,Consumo discrecional,2022,81.18,26.65,-102.91,12.25,1.43,-9.4,1.12,8.62,30.57,8.15,-31.46,5.82,2.21
79,MCD,McDonald’s Corporation,13,Consumo discrecional,2021,81.72,32.49,-163.99,14.01,1.78,-12.7,1.09,10.53,25.46,8.27,-41.75,5.47,2.04
80,MCD,McDonald’s Corporation,13,Consumo discrecional,2020,79.19,24.63,-60.45,8.99,1.01,-7.73,1.15,6.6,32.51,8.01,-19.65,5.24,2.44
81,MCD,McDonald’s Corporation,13,Consumo discrecional,2019,81.11,28.2,-73.39,12.68,0.98,-6.79,1.17,8.41,23.5,6.63,-17.25,5.0,2.53
82,MCD,McDonald’s Corporation,13,Consumo discrecional,2018,72.31,27.87,-94.66,18.06,1.36,-6.24,1.19,8.27,21.47,5.99,-20.33,4.54,2.56
83,NKE,Nike Inc,14,Consumo discrecional,2023,43.34,9.86,36.2,13.51,2.72,1.68,0.63,4.26,24.71,2.44,8.95,1.69,1.61
84,NKE,Nike Inc,14,Consumo discrecional,2022,45.96,12.94,39.57,14.99,2.63,1.64,0.62,5.08,23.4,3.03,9.26,1.54,1.3
85,NKE,Nike Inc,14,Consumo discrecional,2021,44.68,12.82,44.86,15.17,2.72,1.96,0.66,4.81,27.96,3.58,12.54,1.38,1.03
86,NKE,Nike Inc,14,Consumo discrecional,2020,43.45,6.79,31.52,8.1,2.48,2.89,0.74,2.13,46.73,3.17,14.71,1.22,1.23
87,NKE,Nike Inc,14,Consumo discrecional,2019,44.94,10.36,44.57,16.99,2.1,1.62,0.62,3.38,22.82,2.36,10.16,1.12,1.45
88,NKE,Nike Inc,14,Consumo discrecional,2018,43.72,5.3,19.7,8.58,2.51,1.3,0.56,1.62,44.32,2.34,8.71,1.04,1.45
89,XOM,Exxon Mobil Corp,15,Energia,2023,95.74,10.45,17.58,9.57,1.48,0.8,0.44,8.19,12.21,1.28,2.15,3.4,3.4
90,XOM,Exxon Mobil Corp,15,Energia,2022,97.26,13.47,28.58,15.1,1.41,0.85,0.45,12.68,8.7,1.17,2.49,3.4,3.08
91,XOM,Exxon Mobil Corp,15,Energia,2021,95.74,8.07,13.67,6.8,1.04,0.97,0.48,5.24,11.68,0.94,1.6,3.4,5.56
92,XOM,Exxon Mobil Corp,15,Energia,2020,92.83,-12.36,-14.28,-6.74,0.8,1.07,0.51,-5.11,-8.07,1.0,1.15,3.38,8.2
93,XOM,Exxon Mobil Corp,15,Energia,2019,94.95,5.41,7.48,3.95,0.78,0.85,0.45,3.26,21.4,1.16,1.6,3.33,4.77
94,XOM,Exxon Mobil Corp,15,Energia,2018,91.82,7.18,10.87,6.02,0.84,0.77,0.43,4.74,14.39,1.03,1.56,3.14,4.6
95,CVX,Chevron Corp,16,Energia,2023,36.84,10.63,13.28,8.17,1.27,0.62,0.38,11.99,12.44,1.32,1.65,6.36,4.26
96,CVX,Chevron Corp,16,Energia,2022,38.24,14.4,22.27,13.76,1.47,0.61,0.38,19.89,9.02,1.3,2.01,6.15,3.43
97,CVX,Chevron Corp,16,Energia,2021,41.08,9.62,11.24,6.52,1.26,0.72,0.42,8.76,13.4,1.29,1.5,5.71,4.87
98,CVX,Chevron Corp,16,Energia,2020,36.26,-5.85,-4.21,-2.31,1.18,0.81,0.45,-3.11,-27.15,1.59,1.14,5.41,6.41
99,CVX,Chevron Corp,16,Energia,2019,33.98,2.0,2.03,1.23,1.07,0.64,0.39,1.64,73.48,1.47,1.49,5.02,4.17
100,CVX,Chevron Corp,16,Energia,2018,39.27,8.91,9.59,5.84,1.25,0.64,0.39,8.31,13.09,1.17,1.25,4.77,4.38
101,COP,ConocoPhillips,17,Energia,2023,58.74,19.52,22.23,11.42,1.43,0.95,0.49,8.47,13.7,2.67,3.05,4.32,3.72
102,COP,ConocoPhillips,17,Energia,2022,55.34,23.8,38.91,19.91,1.46,0.95,0.49,14.44,8.17,1.94,3.18,4.43,3.75
103,COP,ConocoPhillips,17,Energia,2021,61.77,17.63,17.79,8.91,1.34,1.0,0.5,6.25,11.55,2.04,2.06,1.82,2.52
104,COP,ConocoPhillips,17,Energia,2020,50.68,-14.38,-9.05,-4.31,2.25,1.1,0.52,-2.09,-19.13,2.75,1.73,1.42,3.55
105,COP,ConocoPhillips,17,Energia,2019,63.93,19.6,20.55,10.2,2.4,1.01,0.5,5.56,11.7,2.29,2.4,1.16,1.78
106,COP,ConocoPhillips,17,Energia,2018,61.07,16.16,19.59,8.94,1.79,1.19,0.54,4.84,12.88,2.08,2.53,1.05,1.68
107,SLB,Schlumberger NV,18,Energia,2023,97.78,12.88,20.82,8.76,1.32,1.32,0.55,2.98,17.46,2.25,3.64,0.93,1.79
108,SLB,Schlumberger NV,18,Energia,2022,97.56,12.42,19.46,7.98,1.25,1.42,0.58,2.44,21.91,2.72,4.27,0.6,1.12
109,SLB,Schlumberger NV,18,Energia,2021,97.14,8.4,12.54,4.53,1.22,1.75,0.63,1.33,22.52,1.89,2.82,0.49,1.64
110,SLB,Schlumberger NV,18,Energia,2020,96.82,-45.45,-87.13,-24.79,1.23,2.48,0.71,-7.45,-2.93,1.33,2.55,1.23,5.63
111,SLB,Schlumberger NV,18,Energia,2019,68.03,-31.38,-42.66,-18.0,1.19,1.35,0.57,-7.18,-5.6,1.76,2.39,1.96,4.88
112,SLB,Schlumberger NV,18,Energia,2018,95.22,6.59,5.91,3.03,1.17,0.94,0.48,1.51,23.89,1.57,1.41,1.96,5.43
113,EOG,EOG Resources Inc,19,Energia,2023,96.16,31.4,27.03,17.32,2.44,0.56,0.36,13.5,8.96,2.81,2.42,6.02,4.98
114,EOG,EOG Resources Inc,19,Energia,2022,95.99,30.19,31.31,18.75,1.9,0.67,0.4,13.8,9.39,2.83,2.94,2.5,1.93
115,EOG,EOG Resources Inc,19,Energia,2021,94.8,25.02,21.03,12.2,2.12,0.72,0.42,8.29,10.72,2.68,2.25,4.77,5.37
116,EOG,EOG Resources Inc,19,Energia,2020,75.96,-5.48,-2.98,-1.69,1.69,0.76,0.43,-1.08,-46.18,2.54,1.38,1.46,2.93
117,EOG,EOG Resources Inc,19,Energia,2019,93.88,15.74,12.64,7.37,1.18,0.72,0.42,4.86,17.23,2.71,2.18,1.05,1.25
118,EOG,EOG Resources Inc,19,Energia,2018,95.31,19.79,17.66,10.08,1.36,0.87,0.5,6.08,14.34,2.84,2.53,0.78,0.89
119,BRK-B,Berkshire Hathaway Inc,20,Finanzas,2023,99.45,26.4,17.14,8.99,46.38,0.89,0.47,72.43,4.92,1.3,0.84,0.0,0.0
120,BRK-B,Berkshire Hathaway Inc,20,Finanzas,2022,99.57,-7.54,-4.81,-2.4,5.35,0.99,0.49,-17.13,-18.03,1.36,0.87,0.0,0.0
121,BRK-B,Berkshire Hathaway Inc,20,Finanzas,2021,99.48,32.51,17.74,9.37,8.22,0.89,0.47,67.59,4.42,1.44,0.78,0.0,0.0
122,BRK-B,Berkshire Hathaway Inc,20,Finanzas,2020,95.29,17.31,9.59,4.87,6.58,0.95,0.48,32.01,7.24,1.25,0.7,0.0,0.0
123,BRK-B,Berkshire Hathaway Inc,20,Finanzas,2019,99.48,31.98,19.17,9.96,11161.62,0.92,0.48,61.29,3.7,1.18,0.71,0.0,0.0
124,BRK-B,Berkshire Hathaway Inc,20,Finanzas,2018,98.77,1.62,1.15,0.57,593.89,1.02,0.5,3.03,67.39,1.09,0.78,0.0,0.0
125,JPM,JPMorgan Chase & Co,21,Finanzas,2023,38.97,31.34,15.11,1.28,11.8,10.82,0.92,17.6,9.66,3.03,1.46,4.78,2.81
126,JPM,JPMorgan Chase & Co,21,Finanzas,2022,35.87,29.28,12.89,1.03,10.66,11.54,0.92,13.38,10.02,2.93,1.29,4.82,3.59
127,JPM,JPMorgan Chase & Co,21,Finanzas,2021,48.96,39.73,16.43,1.29,12.1,11.73,0.92,17.17,9.22,3.66,1.52,4.57,2.89
128,JPM,JPMorgan Chase & Co,21,Finanzas,2020,29.52,24.29,10.43,0.86,10.01,11.12,0.92,10.35,12.28,2.98,1.28,4.51,3.55
129,JPM,JPMorgan Chase & Co,21,Finanzas,2019,38.49,31.48,13.94,1.36,5.35,9.28,0.9,12.94,10.77,3.39,1.5,4.38,3.14
130,JPM,JPMorgan Chase & Co,21,Finanzas,2018,37.47,29.85,12.66,1.24,3.55,9.22,0.9,11.53,8.47,2.53,1.07,3.59,3.68
131,BAC,Bank of America Corp,22,Finanzas,2023,33.21,26.9,9.09,0.83,7.47,9.9,0.91,3.46,9.73,2.62,0.89,1.18,3.5
132,BAC,Bank of America Corp,22,Finanzas,2022,35.29,28.99,10.08,0.9,8.69,10.17,0.91,3.59,9.23,2.68,0.93,1.12,3.38
133,BAC,Bank of America Corp,22,Finanzas,2021,37.65,35.88,11.84,1.01,15.32,10.74,0.91,4.17,10.67,3.83,1.26,1.05,2.36
134,BAC,Bank of America Corp,22,Finanzas,2020,23.09,20.92,6.56,0.63,20.17,9.33,0.9,2.33,13.01,2.72,0.85,1.01,3.33
135,BAC,Bank of America Corp,22,Finanzas,2019,35.9,30.06,10.36,1.13,7.06,8.19,0.89,3.57,9.87,2.96,1.02,0.77,2.19
136,BAC,Bank of America Corp,22,Finanzas,2018,38.0,30.92,10.61,1.2,9.3,7.87,0.89,3.67,6.71,2.08,0.71,0.9,3.65
137,WFC,Wells Fargo & Company,23,Finanzas,2023,16.19,16.6,10.31,0.99,3.79,9.4,0.9,5.75,8.56,1.42,0.88,1.44,2.93
138,WFC,Wells Fargo & Company,23,Finanzas,2022,19.24,16.51,7.59,0.73,4.94,9.43,0.9,4.11,10.05,1.66,0.76,1.25,3.03
139,WFC,Wells Fargo & Company,23,Finanzas,2021,44.32,26.15,11.49,1.11,10.06,9.37,0.9,6.47,7.42,1.94,0.85,0.73,1.52
140,WFC,Wells Fargo & Company,23,Finanzas,2020,-10.46,4.11,1.83,0.17,6.95,9.57,0.9,1.01,29.88,1.22,0.54,1.46,4.84
141,WFC,Wells Fargo & Company,23,Finanzas,2019,28.13,23.18,10.53,1.02,2.52,9.3,0.9,5.92,9.09,2.11,0.96,2.46,4.57
142,WFC,Wells Fargo & Company,23,Finanzas,2018,32.72,25.92,11.42,1.18,2.74,8.66,0.9,6.73,6.85,1.78,0.78,2.31,5.01
143,MS,Morgan Stanley,24,Finanzas,2023,17.56,9.45,9.18,0.76,1.34,11.04,0.92,5.64,16.53,1.56,1.52,3.58,3.84
144,MS,Morgan Stanley,24,Finanzas,2022,29.29,16.73,11.01,0.93,1.83,10.77,0.91,6.85,12.41,2.08,1.37,3.35,3.94
145,MS,Morgan Stanley,24,Finanzas,2021,41.39,24.6,14.26,1.27,1.9,10.26,0.91,9.33,10.52,2.59,1.5,2.59,2.64
146,MS,Morgan Stanley,24,Finanzas,2020,34.51,20.9,10.8,0.99,2.03,9.95,0.91,6.83,10.03,2.1,1.08,1.7,2.48
147,MS,Morgan Stanley,24,Finanzas,2019,27.78,16.76,11.09,1.01,0.99,9.97,0.91,5.61,9.11,1.53,1.01,1.63,3.19
148,MS,Morgan Stanley,24,Finanzas,2018,22.48,17.43,10.9,1.02,1.67,9.62,0.9,5.43,7.3,1.27,0.8,1.47,3.71
149,RTX,Raytheon Technologies Corp,25,Industriales,2023,91.13,4.64,5.34,1.97,1.04,1.68,0.62,2.4,35.06,1.62,1.87,2.43,2.89
150,RTX,Raytheon Technologies Corp,25,Industriales,2022,91.46,7.75,7.16,3.27,1.09,1.17,0.53,3.9,25.88,2.0,1.85,2.35,2.33
151,RTX,Raytheon Technologies Corp,25,Industriales,2021,90.9,6.0,5.29,2.39,1.19,1.19,0.54,2.9,29.68,1.78,1.57,2.22,2.58
152,RTX,Raytheon Technologies Corp,25,Industriales,2020,15.08,-6.22,-4.88,-2.17,1.21,1.22,0.54,-2.64,-27.09,1.68,1.32,2.05,2.87
153,RTX,Raytheon Technologies Corp,25,Industriales,2019,23.71,12.21,13.25,3.97,1.32,2.28,0.68,4.16,36.0,4.4,4.77,1.83,1.22
154,RTX,Raytheon Technologies Corp,25,Industriales,2018,47.6,15.18,13.7,3.93,1.13,2.43,0.7,3.96,26.89,4.08,3.69,1.63,1.53
155,HON,Honeywell International Inc,26,Industriales,2023,21.18,15.44,35.68,9.2,1.27,2.88,0.74,8.7,24.1,3.72,8.6,4.39,2.09
156,HON,Honeywell International Inc,26,Industriales,2022,15.55,14.03,29.74,7.97,1.25,2.73,0.73,7.64,28.05,3.94,8.35,4.18,1.95
157,HON,Honeywell International Inc,26,Industriales,2021,15.34,16.14,29.85,8.6,1.3,2.47,0.71,8.52,24.47,3.95,7.3,4.04,1.94
158,HON,Honeywell International Inc,26,Industriales,2020,32.03,14.62,27.23,7.4,1.47,2.68,0.73,7.35,28.94,4.23,7.88,3.99,1.88
159,HON,Honeywell International Inc,26,Industriales,2019,33.52,16.65,33.22,10.47,1.34,2.17,0.68,9.45,18.73,3.12,6.22,3.76,2.12
160,HON,Honeywell International Inc,26,Industriales,2018,30.19,16.01,37.21,11.71,1.29,2.18,0.69,10.4,12.7,2.03,4.73,3.49,2.64
161,BA,The Boeing Company,27,Industriales,2023,9.93,-2.86,12.89,-1.62,1.14,-8.95,1.13,-2.97,-87.76,2.51,-11.32,0.0,0.0
162,BA,The Boeing Company,27,Industriales,2022,5.3,-7.41,31.07,-3.6,1.22,-9.63,1.12,-6.6,-28.86,2.14,-8.97,0.01,0.01
163,BA,The Boeing Company,27,Industriales,2021,4.84,-6.75,28.02,-3.03,1.33,-10.23,1.11,-5.62,-35.82,2.42,-10.04,0.03,0.01
164,BA,The Boeing Company,27,Industriales,2020,-9.78,-20.42,64.82,-7.8,1.39,-9.29,1.12,-15.87,-13.49,2.75,-8.74,1.55,0.72
165,BA,The Boeing Company,27,Industriales,2019,5.83,-0.83,7.38,-0.48,1.05,-16.47,1.06,-0.85,-383.25,3.18,-28.28,6.19,1.9
166,BA,The Boeing Company,27,Industriales,2018,19.42,10.34,3085.55,8.91,1.08,345.19,1.0,13.98,23.07,2.39,711.76,5.27,1.63
167,GE,GE Aerospace,28,Industriales,2023,84.86,13.95,34.6,5.47,1.33,5.28,0.83,8.76,14.57,2.03,5.04,0.54,0.42
168,GE,GE Aerospace,28,Industriales,2022,106.16,0.58,1.01,0.18,1.18,4.57,0.82,0.31,270.29,1.56,2.69,0.59,0.7
169,GE,GE Aerospace,28,Industriales,2021,83.37,-8.79,-16.17,-3.28,1.28,3.9,0.79,-6.02,-15.69,1.38,2.54,0.53,0.56
170,GE,GE Aerospace,28,Industriales,2020,4.26,7.52,16.04,2.23,1.55,6.16,0.86,0.66,16.36,1.23,2.63,0.07,0.65
171,GE,GE Aerospace,28,Industriales,2019,8.81,-5.52,-17.58,-1.88,1.31,8.31,0.89,-0.58,-19.24,1.07,3.41,0.07,0.63
172,GE,GE Aerospace,28,Industriales,2018,81.13,-23.04,-72.16,-7.19,1.05,8.38,0.83,-2.58,-2.93,0.68,2.12,0.52,6.87
173,CAT,Caterpillar Inc,29,Industriales,2023,36.23,15.41,52.99,11.81,1.35,3.49,0.78,21.41,13.81,2.13,7.32,5.31,1.8
174,CAT,Caterpillar Inc,29,Industriales,2022,30.42,11.28,42.19,8.18,1.39,4.16,0.81,13.89,17.25,1.95,7.28,5.05,2.11
175,CAT,Caterpillar Inc,29,Industriales,2021,30.33,12.73,39.29,7.84,1.46,4.01,0.8,13.44,15.38,1.96,6.04,4.83,2.34
176,CAT,Caterpillar Inc,29,Industriales,2020,23.81,7.18,19.5,3.83,1.53,4.09,0.8,6.21,29.31,2.11,5.71,4.65,2.55
177,CAT,Caterpillar Inc,29,Industriales,2019,26.25,11.33,41.65,7.77,1.47,4.36,0.81,12.62,11.7,1.33,4.87,4.42,2.99
178,CAT,Caterpillar Inc,29,Industriales,2018,27.09,11.23,43.66,7.83,1.37,4.58,0.82,12.73,9.98,1.12,4.36,4.04,3.18
179,PLD,Prologis Inc,30,Inmobiliario,2023,43.91,38.13,5.75,3.29,0.16,0.66,0.38,3.3,40.39,15.39,2.32,3.49,2.62
180,PLD,Prologis Inc,30,Inmobiliario,2022,43.93,56.33,6.32,3.83,0.05,0.56,0.34,3.63,31.06,17.48,1.96,2.78,2.47
181,PLD,Prologis Inc,30,Inmobiliario,2021,38.81,61.77,8.79,5.03,0.27,0.62,0.35,3.17,53.11,32.76,4.66,2.02,1.2
182,PLD,Prologis Inc,30,Inmobiliario,2020,37.17,33.38,4.63,2.64,28.08,0.62,0.35,1.6,62.29,20.79,2.89,1.86,1.87
183,PLD,Prologis Inc,30,Inmobiliario,2019,57.77,47.23,6.94,3.93,362.95,0.62,0.35,1.7,52.44,24.79,3.64,1.45,1.63
184,PLD,Prologis Inc,30,Inmobiliario,2018,57.7,58.81,7.4,4.29,114.62,0.57,0.33,1.78,32.99,19.39,2.44,1.21,2.06
185,AMT,American Tower Corp,31,Inmobiliario,2023,41.58,13.31,35.33,2.25,0.51,13.14,0.84,3.17,68.1,9.05,24.03,6.31,2.92
186,AMT,American Tower Corp,31,Inmobiliario,2022,36.08,16.49,31.69,2.63,0.44,9.83,0.82,3.78,56.05,9.24,17.77,5.63,2.66
187,AMT,American Tower Corp,31,Inmobiliario,2021,43.86,27.44,50.53,3.67,0.41,11.97,0.87,5.49,53.28,14.61,26.9,4.86,1.66
188,AMT,American Tower Corp,31,Inmobiliario,2020,46.02,21.02,41.3,3.58,0.79,10.37,0.9,3.62,62.01,13.04,25.62,4.13,1.84
189,AMT,American Tower Corp,31,Inmobiliario,2019,74.34,24.9,37.34,4.41,0.47,7.16,0.85,4.04,56.89,14.17,21.24,3.43,1.49
190,AMT,American Tower Corp,31,Inmobiliario,2018,67.94,16.62,23.17,3.75,0.51,4.89,0.79,2.65,59.69,9.94,13.85,2.83,1.79
191,CCI,Crown Castle,32,Inmobiliario,2023,72.28,21.52,23.54,3.9,0.4,5.04,0.83,3.46,33.29,7.17,7.85,6.27,5.44
192,CCI,Crown Castle,32,Inmobiliario,2022,71.03,23.98,22.49,4.3,0.45,4.22,0.81,3.85,35.23,8.44,7.91,5.99,4.42
193,CCI,Crown Castle,32,Inmobiliario,2021,69.2,17.29,13.27,2.81,0.62,3.73,0.79,2.52,82.83,14.31,10.99,5.46,2.62
194,CCI,Crown Castle,32,Inmobiliario,2020,67.0,18.08,11.16,2.72,0.56,3.1,0.76,2.43,65.51,11.85,7.31,4.84,3.04
195,CCI,Crown Castle,32,Inmobiliario,2019,75.92,14.92,8.2,2.24,0.63,2.67,0.73,1.98,71.79,10.72,5.89,4.4,3.1
196,CCI,Crown Castle,32,Inmobiliario,2018,81.62,10.41,4.83,1.71,0.82,1.83,0.65,1.29,84.21,8.79,4.08,4.1,3.77
197,SPG,Simon Property Group Inc,33,Inmobiliario,2023,64.4,40.35,75.53,6.66,0.33,10.12,0.89,7.0,20.38,8.22,15.4,7.48,5.24
198,SPG,Simon Property Group Inc,33,Inmobiliario,2022,63.57,40.43,68.17,6.48,0.22,9.3,0.88,6.56,17.91,7.24,12.21,7.95,6.77
199,SPG,Simon Property Group Inc,33,Inmobiliario,2021,62.49,43.97,66.92,6.66,0.22,8.74,0.87,6.89,23.19,10.19,15.51,8.25,5.16
200,SPG,Simon Property Group Inc,33,Inmobiliario,2020,59.43,24.15,36.6,3.2,0.31,10.24,0.89,3.41,25.01,6.04,9.15,5.1,5.98
201,SPG,Simon Property Group Inc,33,Inmobiliario,2019,71.74,36.52,83.18,6.73,0.25,11.12,0.9,6.44,23.13,8.44,19.24,9.04,6.07
202,SPG,Simon Property Group Inc,33,Inmobiliario,2018,72.02,43.22,74.02,7.95,0.21,8.09,0.87,7.48,22.46,9.71,16.63,8.65,5.15
203,EQIX,Equinix Inc,34,Inmobiliario,2023,45.61,12.47,7.76,2.97,1.13,1.61,0.62,10.04,80.22,10.0,6.22,14.24,1.77
204,EQIX,Equinix Inc,34,Inmobiliario,2022,48.47,9.68,6.12,2.32,1.8,1.63,0.62,7.3,89.73,8.68,5.49,11.93,1.82
205,EQIX,Equinix Inc,34,Inmobiliario,2021,46.18,7.75,4.6,1.79,1.84,1.57,0.61,5.18,163.29,12.65,7.5,10.81,1.28
206,EQIX,Equinix Inc,34,Inmobiliario,2020,48.75,6.16,3.48,1.37,1.29,1.54,0.61,3.83,186.47,11.49,6.48,9.82,1.38
207,EQIX,Equinix Inc,34,Inmobiliario,2019,49.48,9.12,5.74,2.12,1.33,1.71,0.63,5.26,110.97,10.13,6.37,8.67,1.49
208,EQIX,Equinix Inc,34,Inmobiliario,2018,48.63,7.2,5.06,1.8,1.0,1.8,0.64,3.79,93.02,6.71,4.71,7.65,2.17
209,LIN,Linde plc Ordinary Shares,35,Materiales,2023,24.93,19.01,15.61,7.67,0.8,1.0,0.49,13.02,31.54,6.0,4.92,5.21,1.27
210,LIN,Linde plc Ordinary Shares,35,Materiales,2022,17.22,12.46,10.36,5.21,0.79,0.96,0.48,8.71,37.45,4.67,3.88,4.92,1.51
211,LIN,Linde plc Ordinary Shares,35,Materiales,2021,16.82,12.51,8.69,4.69,0.74,0.82,0.44,8.04,43.09,5.39,3.75,4.6,1.33
212,LIN,Linde plc Ordinary Shares,35,Materiales,2020,12.29,9.28,5.29,2.83,0.8,0.82,0.44,5.25,50.19,4.65,2.65,4.26,1.62
213,LIN,Linde plc Ordinary Shares,35,Materiales,2019,9.1,8.12,4.66,2.64,0.85,0.71,0.4,4.8,44.35,3.6,2.07,3.97,1.86
214,LIN,Linde plc Ordinary Shares,35,Materiales,2018,80.76,24.34,8.49,4.69,1.33,0.7,0.39,9.2,16.96,4.13,1.44,2.45,1.57
215,SHW,Sherwin-Williams Co,36,Materiales,2023,47.69,10.59,64.29,10.41,0.83,5.18,0.84,9.48,32.9,3.48,21.14,2.48,0.8
216,SHW,Sherwin-Williams Co,36,Materiales,2022,42.9,9.29,65.12,8.94,0.99,6.28,0.86,8.02,29.59,2.75,19.27,2.46,1.04
217,SHW,Sherwin-Williams Co,36,Materiales,2021,43.82,9.56,76.5,9.02,0.88,7.48,0.88,7.4,47.59,4.55,36.39,2.33,0.66
218,SHW,Sherwin-Williams Co,36,Materiales,2020,48.23,11.28,56.23,9.95,1.0,4.65,0.82,24.19,30.38,3.43,17.09,5.81,0.79
219,SHW,Sherwin-Williams Co,36,Materiales,2019,44.89,8.61,37.38,7.52,1.02,3.97,0.8,18.36,31.78,2.74,11.88,5.01,0.86
220,SHW,Sherwin-Williams Co,36,Materiales,2018,42.31,6.32,29.72,5.79,1.01,4.13,0.81,13.21,29.79,1.88,8.85,3.85,0.98
221,FCX,Freeport-McMoran Copper & Gold Inc,37,Materiales,2023,31.33,8.09,11.07,3.52,2.42,1.51,0.48,1.29,33.0,2.68,3.66,0.6,1.41
222,FCX,Freeport-McMoran Copper & Gold Inc,37,Materiales,2022,33.76,15.22,22.3,6.79,2.46,1.69,0.51,2.41,15.77,2.4,3.51,0.6,1.58
223,FCX,Freeport-McMoran Copper & Gold Inc,37,Materiales,2021,38.59,28.12,45.95,13.38,2.52,1.79,0.52,4.47,9.34,2.62,4.29,0.23,0.55
224,FCX,Freeport-McMoran Copper & Gold Inc,37,Materiales,2020,17.91,4.22,5.89,1.42,2.72,2.31,0.56,0.42,61.95,2.63,3.67,0.05,0.19
225,FCX,Freeport-McMoran Copper & Gold Inc,37,Materiales,2019,8.87,-1.66,-2.57,-0.59,2.47,2.51,0.57,-0.17,-77.18,1.31,2.03,0.2,1.52
226,FCX,Freeport-McMoran Copper & Gold Inc,37,Materiales,2018,27.71,13.97,26.56,6.16,3.14,2.48,0.58,1.81,5.7,0.8,1.51,0.15,1.45
227,APD,Air Products and Chemicals Inc,38,Materiales,2023,19.81,18.26,16.07,7.19,1.33,1.14,0.51,10.34,27.41,5.0,4.4,6.73,2.37
228,APD,Air Products and Chemicals Inc,38,Materiales,2022,18.13,17.77,17.16,8.3,1.81,1.03,0.5,10.15,22.93,4.08,3.94,6.22,2.67
229,APD,Air Products and Chemicals Inc,38,Materiales,2021,21.72,20.33,15.5,7.82,2.99,0.94,0.48,9.44,27.13,5.52,4.21,5.65,2.21
230,APD,Air Products and Chemicals Inc,38,Materiales,2020,33.85,21.3,15.62,7.5,3.59,1.05,0.51,8.48,35.12,7.48,5.48,4.96,1.67
231,APD,Air Products and Chemicals Inc,38,Materiales,2019,32.68,19.73,15.92,9.29,2.54,0.68,0.4,7.91,28.05,5.53,4.46,4.47,2.01
232,APD,Air Products and Chemicals Inc,38,Materiales,2018,30.69,16.77,13.8,7.81,2.17,0.74,0.42,6.74,25.14,4.22,3.47,4.04,2.38
233,NEM,Newmont Goldcorp Corp,39,Materiales,2023,20.54,-21.44,-8.59,-4.49,1.25,0.91,0.47,-2.19,-18.9,4.05,1.62,1.24,3.0
234,NEM,Newmont Goldcorp Corp,39,Materiales,2022,28.33,-3.63,-2.22,-1.11,2.23,0.98,0.49,-0.38,-124.21,4.55,2.78,1.53,3.24
235,NEM,Newmont Goldcorp Corp,39,Materiales,2021,46.66,9.58,5.29,2.87,2.9,0.85,0.46,1.02,60.8,5.8,3.21,1.54,2.48
236,NEM,Newmont Goldcorp Corp,39,Materiales,2020,50.58,25.07,12.3,6.84,2.52,0.76,0.42,2.48,24.15,6.04,2.96,0.73,1.22
237,NEM,Newmont Goldcorp Corp,39,Materiales,2019,23.83,29.0,13.1,7.02,2.63,0.82,0.44,2.46,17.66,5.11,2.31,0.78,1.8
238,NEM,Newmont Goldcorp Corp,39,Materiales,2018,24.55,4.7,3.25,1.65,2.95,0.88,0.44,0.3,115.5,5.44,3.76,0.26,0.75
239,UNH,UnitedHealth Group Incorporated,40,Salud,2023,73.8,6.02,22.63,8.18,0.79,1.77,0.64,24.32,21.65,1.3,4.9,7.35,1.4
240,UNH,UnitedHealth Group Incorporated,40,Salud,2022,73.81,6.21,23.3,8.19,0.77,1.85,0.65,21.86,24.25,1.51,5.65,6.51,1.23
241,UNH,UnitedHealth Group Incorporated,40,Salud,2021,73.33,6.01,22.6,8.15,0.79,1.77,0.64,18.78,26.74,1.61,6.04,5.74,1.14
242,UNH,UnitedHealth Group Incorporated,40,Salud,2020,70.7,5.99,21.84,7.81,0.74,1.8,0.64,16.74,20.95,1.26,4.58,4.98,1.42
243,UNH,UnitedHealth Group Incorporated,40,Salud,2019,72.73,5.71,22.26,7.96,0.69,1.8,0.64,15.04,19.55,1.12,4.35,4.27,1.45
244,UNH,UnitedHealth Group Incorporated,40,Salud,2018,71.93,5.3,21.32,7.87,0.73,1.71,0.63,13.02,19.13,1.01,4.08,3.61,1.45
245,JNJ,Johnson & Johnson,41,Salud,2023,69.75,41.84,51.11,20.98,1.16,1.44,0.59,14.6,10.74,4.49,5.49,4.89,3.12
246,JNJ,Johnson & Johnson,41,Salud,2022,69.74,22.59,23.36,9.57,0.99,1.44,0.59,7.45,23.71,5.35,5.54,4.85,2.75
247,JNJ,Johnson & Johnson,41,Salud,2021,68.47,22.36,28.2,11.47,1.35,1.46,0.59,8.67,19.73,4.41,5.56,4.58,2.68
248,JNJ,Johnson & Johnson,41,Salud,2020,65.91,17.91,23.25,8.41,1.21,1.76,0.64,6.11,25.76,4.61,5.99,4.35,2.76
249,JNJ,Johnson & Johnson,41,Salud,2019,66.9,18.56,25.42,9.59,1.26,1.65,0.62,6.28,23.23,4.31,5.91,4.12,2.82
250,JNJ,Johnson & Johnson,41,Salud,2018,67.85,19.05,25.6,10.0,1.47,1.56,0.61,6.35,20.32,3.87,5.2,3.94,3.05
251,LLY,Eli Lilly and Company,42,Salud,2023,57.22,15.36,48.65,8.19,0.94,4.94,0.83,5.83,99.99,15.36,48.67,4.52,0.78
252,LLY,Eli Lilly and Company,42,Salud,2022,52.62,21.88,58.64,12.62,1.05,3.65,0.78,6.94,52.71,11.53,30.89,3.93,1.07
253,LLY,Eli Lilly and Company,42,Salud,2021,49.15,19.71,62.16,11.44,1.23,4.44,0.82,6.21,44.48,8.77,27.66,3.43,1.24
254,LLY,Eli Lilly and Company,42,Salud,2020,51.46,25.24,109.79,13.28,1.4,7.27,0.88,6.89,24.51,6.19,26.91,2.99,1.77
255,LLY,Eli Lilly and Company,42,Salud,2019,48.36,37.27,319.09,21.17,1.16,14.07,0.93,9.25,14.21,5.3,45.34,2.68,2.04
256,LLY,Eli Lilly and Company,42,Salud,2018,48.63,15.04,32.88,7.36,1.73,3.47,0.78,3.59,32.23,4.84,10.59,2.57,2.22
257,MRK,Merck & Company Inc,43,Salud,2023,50.89,0.61,0.97,0.34,1.25,1.84,0.65,0.14,778.71,4.59,7.34,2.94,2.7
258,MRK,Merck & Company Inc,43,Salud,2022,47.1,24.49,31.57,13.3,1.47,1.37,0.58,5.74,19.33,4.73,6.1,2.77,2.5
259,MRK,Merck & Company Inc,43,Salud,2021,47.41,26.79,34.17,12.35,1.27,1.77,0.64,5.16,14.85,3.98,5.08,2.61,3.41
260,MRK,Merck & Company Inc,43,Salud,2020,43.8,17.02,27.91,7.72,1.02,2.62,0.72,2.93,27.92,4.76,7.8,2.57,3.14
261,MRK,Merck & Company Inc,43,Salud,2019,48.52,25.16,37.99,11.66,1.24,2.26,0.69,4.08,22.29,5.61,8.47,2.36,2.59
262,MRK,Merck & Company Inc,43,Salud,2018,36.33,14.71,23.3,7.53,1.17,2.09,0.68,2.58,29.62,4.36,6.91,2.14,2.8
263,PFE,Pfizer Inc,44,Salud,2023,15.22,3.62,2.38,0.94,0.91,1.54,0.61,0.37,77.81,2.79,1.83,1.63,5.66
264,PFE,Pfizer Inc,44,Salud,2022,47.75,31.27,32.79,15.92,1.22,1.06,0.51,5.54,9.25,2.89,3.04,1.59,3.1
265,PFE,Pfizer Inc,44,Salud,2021,42.53,27.04,28.47,12.14,1.4,1.35,0.57,3.88,15.22,4.12,4.33,1.54,2.61
266,PFE,Pfizer Inc,44,Salud,2020,43.63,21.99,14.48,5.94,1.35,1.44,0.59,1.62,22.72,5.01,3.3,1.49,4.05
267,PFE,Pfizer Inc,44,Salud,2019,43.8,31.98,25.38,9.56,0.88,1.65,0.62,2.83,13.84,4.43,3.52,1.42,3.62
268,PFE,Pfizer Inc,44,Salud,2018,43.52,21.3,17.59,7.01,1.57,1.51,0.6,1.97,22.16,4.72,3.9,1.41,3.23
269,NEE,Nextera Energy Inc,45,Servicios Publicos,2023,65.85,29.59,15.4,4.12,0.55,2.5,0.67,3.55,17.11,5.06,2.63,1.84,3.03
270,NEE,Nextera Energy Inc,45,Servicios Publicos,2022,70.2,17.82,10.57,2.61,0.51,2.79,0.69,2.02,41.39,7.39,4.38,1.63,1.95
271,NEE,Nextera Energy Inc,45,Servicios Publicos,2021,68.09,18.76,9.6,2.54,0.53,2.56,0.68,1.74,53.66,10.08,5.16,1.47,1.57
272,NEE,Nextera Energy Inc,45,Servicios Publicos,2020,63.88,17.19,7.99,2.29,0.47,2.27,0.65,1.42,54.33,9.35,4.35,1.33,1.72
273,NEE,Nextera Energy Inc,45,Servicios Publicos,2019,63.74,21.41,10.19,3.2,0.53,2.05,0.64,7.33,33.04,7.07,3.36,4.68,1.93
274,NEE,Nextera Energy Inc,45,Servicios Publicos,2018,63.35,42.67,19.44,6.4,0.36,2.04,0.67,12.91,13.46,5.74,2.62,4.09,2.35
275,DUK,Duke Energy Corporation,46,Servicios Publicos,2023,71.15,10.91,5.78,1.61,0.74,2.6,0.72,3.68,26.37,2.88,1.53,4.2,4.33
276,DUK,Duke Energy Corporation,46,Servicios Publicos,2022,70.49,9.69,5.17,1.43,0.7,2.61,0.72,3.3,31.21,3.02,1.61,4.12,4.0
277,DUK,Duke Energy Corporation,46,Servicios Publicos,2021,66.74,17.13,7.93,2.3,0.62,2.44,0.71,5.06,20.73,3.55,1.64,4.03,3.84
278,DUK,Duke Energy Corporation,46,Servicios Publicos,2020,36.32,6.34,2.87,0.85,0.53,2.39,0.7,1.78,51.44,3.26,1.47,3.64,3.98
279,DUK,Duke Energy Corporation,46,Servicios Publicos,2019,60.0,16.93,8.0,2.36,0.62,2.39,0.71,4.85,18.81,3.18,1.5,3.45,3.78
280,DUK,Duke Energy Corporation,46,Servicios Publicos,2018,55.82,12.31,6.08,1.83,0.65,2.32,0.7,3.45,25.01,3.08,1.52,3.2,3.71
281,SO,Southern Company,47,Servicios Publicos,2023,92.52,15.74,12.64,2.85,0.77,3.31,0.75,3.63,19.32,3.04,2.44,2.77,3.95
282,SO,Southern Company,47,Servicios Publicos,2022,92.73,12.07,11.63,2.62,0.66,3.3,0.74,3.23,22.11,2.67,2.57,2.65,3.71
283,SO,Southern Company,47,Servicios Publicos,2021,92.37,10.42,8.64,1.89,0.82,3.41,0.74,2.2,31.17,3.25,2.7,2.53,3.69
284,SO,Southern Company,47,Servicios Publicos,2020,91.57,15.38,11.2,2.55,0.71,3.23,0.74,2.86,21.48,3.3,2.41,2.45,3.99
285,SO,Southern Company,47,Servicios Publicos,2019,91.5,22.13,17.23,3.99,0.78,3.15,0.73,4.33,14.71,3.26,2.54,2.35,3.69
286,SO,Southern Company,47,Servicios Publicos,2018,91.87,9.47,9.0,1.9,0.67,3.54,0.75,2.03,21.64,2.05,1.95,2.21,5.03
287,AEP,American Electric Power Co Inc,48,Servicios Publicos,2023,92.44,11.63,8.75,2.28,0.53,2.83,0.74,4.15,19.57,2.28,1.71,3.31,4.08
288,AEP,American Electric Power Co Inc,48,Servicios Publicos,2022,92.07,11.75,9.66,2.47,0.51,2.9,0.74,4.33,21.93,2.57,2.12,3.09,3.25
289,AEP,American Electric Power Co Inc,48,Servicios Publicos,2021,91.66,14.82,11.09,2.84,0.63,2.9,0.74,4.67,19.05,2.82,2.11,2.85,3.2
290,AEP,American Electric Power Co Inc,48,Servicios Publicos,2020,91.3,14.75,10.71,2.72,0.44,2.92,0.74,4.13,20.16,2.97,2.16,2.68,3.22
291,AEP,American Electric Power Co Inc,48,Servicios Publicos,2019,92.2,12.35,9.79,2.53,0.4,2.85,0.74,3.61,26.18,3.23,2.56,2.53,2.68
292,AEP,American Electric Power Co Inc,48,Servicios Publicos,2018,91.99,11.88,10.11,2.8,0.48,2.61,0.72,3.61,20.7,2.46,2.09,2.36,3.16
293,EXC,Exelon Corporation,49,Servicios Publicos,2023,73.49,10.71,9.04,2.29,0.81,2.94,0.75,2.32,15.47,1.66,1.4,1.43,3.98
294,EXC,Exelon Corporation,49,Servicios Publicos,2022,71.03,11.37,8.77,2.28,0.69,2.85,0.74,2.16,20.01,2.28,1.76,1.33,3.08
295,EXC,Exelon Corporation,49,Servicios Publicos,2021,143.07,9.51,4.96,1.28,0.87,2.86,0.74,1.7,33.98,3.24,1.69,1.49,2.58
296,EXC,Exelon Corporation,49,Servicios Publicos,2020,139.83,11.78,6.02,1.52,0.98,2.9,0.73,1.95,21.65,2.55,1.3,1.48,3.51
297,EXC,Exelon Corporation,49,Servicios Publicos,2019,75.54,8.79,9.4,2.42,0.85,2.81,0.72,3.01,15.15,1.33,1.42,1.4,3.07
298,EXC,Exelon Corporation,49,Servicios Publicos,2018,27.58,5.79,6.78,1.74,1.17,2.82,0.72,2.07,21.79,1.26,1.47,1.33,2.95
299,AAPL,Apple Inc,50,Tecnologia de la Informacion,2023,44.59,25.57,156.08,27.51,0.99,4.67,0.82,6.42,26.67,6.82,41.64,0.99,0.58
300,AAPL,Apple Inc,50,Tecnologia de la Informacion,2022,43.63,25.5,196.96,28.29,0.88,5.96,0.86,6.6,20.94,5.34,41.23,0.98,0.71
301,AAPL,Apple Inc,50,Tecnologia de la Informacion,2021,42.08,26.07,150.07,26.97,1.07,4.56,0.82,6.26,22.6,5.89,33.9,0.96,0.68
302,AAPL,Apple Inc,50,Tecnologia de la Informacion,2020,38.64,21.13,87.87,17.73,1.36,3.96,0.8,3.8,30.48,6.44,26.79,0.93,0.8
303,AAPL,Apple Inc,50,Tecnologia de la Informacion,2019,38.34,21.53,61.06,16.32,1.54,2.74,0.73,14.62,15.32,3.3,9.35,3.74,1.67
304,AAPL,Apple Inc,50,Tecnologia de la Informacion,2018,38.34,22.41,55.56,16.28,1.13,2.41,0.71,15.75,14.43,3.23,8.02,3.63,1.6
305,MSFT,Microsoft Corporation,51,Tecnologia de la Informacion,2023,69.63,34.5,35.09,17.56,1.77,1.0,0.5,9.73,35.0,12.07,12.28,2.66,0.78
306,MSFT,Microsoft Corporation,51,Tecnologia de la Informacion,2022,69.16,37.09,43.68,19.94,1.78,1.19,0.54,9.78,26.26,9.74,11.47,2.44,0.95
307,MSFT,Microsoft Corporation,51,Tecnologia de la Informacion,2021,69.82,36.92,43.15,18.36,2.08,1.35,0.57,8.24,32.88,12.14,14.19,2.22,0.82
308,MSFT,Microsoft Corporation,51,Tecnologia de la Informacion,2020,68.99,31.52,37.43,14.7,2.52,1.55,0.61,5.96,34.15,10.77,12.79,2.04,1.0
309,MSFT,Microsoft Corporation,51,Tecnologia de la Informacion,2019,67.15,31.77,38.35,13.69,2.53,1.8,0.64,5.28,25.7,8.17,9.86,1.86,1.37
310,MSFT,Microsoft Corporation,51,Tecnologia de la Informacion,2018,67.16,15.45,20.03,6.4,2.9,2.13,0.68,2.23,44.22,6.84,8.86,1.71,1.73
311,NVDA,NVIDIA Corporation,52,Tecnologia de la Informacion,2023,56.93,16.19,19.76,10.61,3.52,0.86,0.46,1.78,107.65,17.4,21.23,0.16,0.08
312,NVDA,NVIDIA Corporation,52,Tecnologia de la Informacion,2022,64.93,36.23,36.65,22.07,6.65,0.66,0.4,3.98,61.52,22.28,22.53,0.16,0.07
313,NVDA,NVIDIA Corporation,52,Tecnologia de la Informacion,2021,62.34,25.98,25.64,15.05,4.09,0.7,0.41,7.08,74.79,19.44,19.19,0.65,0.12
314,NVDA,NVIDIA Corporation,52,Tecnologia de la Informacion,2020,61.99,25.61,22.91,16.15,7.67,0.42,0.3,4.57,52.56,13.47,12.05,0.64,0.27
315,NVDA,NVIDIA Corporation,52,Tecnologia de la Informacion,2019,61.51,35.52,44.33,31.15,7.94,0.42,0.3,6.76,20.42,7.25,9.04,0.61,0.44
316,NVDA,NVIDIA Corporation,52,Tecnologia de la Informacion,2018,59.93,31.37,40.78,27.11,8.03,0.5,0.34,4.98,49.57,15.56,20.23,0.56,0.23
317,GOOGL,Alphabet Inc Class A,53,Tecnologia de la Informacion,2023,56.36,24.15,26.04,18.34,2.1,0.42,0.3,5.9,23.68,5.72,6.17,0.0,0.0
318,GOOGL,Alphabet Inc Class A,53,Tecnologia de la Informacion,2022,55.13,21.32,23.41,16.42,2.38,0.43,0.3,4.79,18.42,3.93,4.31,0.0,0.0
319,GOOGL,Alphabet Inc Class A,53,Tecnologia de la Informacion,2021,56.94,29.51,30.22,21.16,2.93,0.43,0.3,121.5,23.84,7.04,7.2,0.0,0.0
320,GOOGL,Alphabet Inc Class A,53,Tecnologia de la Informacion,2020,53.58,22.06,18.09,12.6,3.07,0.44,0.3,64.35,27.24,6.01,4.93,0.0,0.0
321,GOOGL,Alphabet Inc Class A,53,Tecnologia de la Informacion,2019,55.58,21.22,17.05,12.45,3.37,0.37,0.27,54.88,24.41,5.18,4.16,0.0,0.0
322,GOOGL,Alphabet Inc Class A,53,Tecnologia de la Informacion,2018,56.48,22.46,17.3,13.2,3.92,0.31,0.24,49.11,21.28,4.78,3.68,0.0,0.0
323,META,Meta Platforms Inc.,54,Tecnologia de la Informacion,2023,80.64,29.16,25.53,17.03,2.67,0.5,0.33,14.87,23.8,6.94,6.08,0.0,0.0
324,META,Meta Platforms Inc.,54,Tecnologia de la Informacion,2022,78.3,19.94,18.45,12.49,2.2,0.48,0.32,8.82,13.64,2.72,2.52,0.0,0.0
325,META,Meta Platforms Inc.,54,Tecnologia de la Informacion,2021,80.77,33.43,31.53,23.72,3.15,0.33,0.25,14.98,22.45,7.51,7.08,0.0,0.0
326,META,Meta Platforms Inc.,54,Tecnologia de la Informacion,2020,80.55,33.96,22.72,18.29,5.05,0.24,0.19,11.09,24.63,8.37,5.6,0.0,0.0
327,META,Meta Platforms Inc.,54,Tecnologia de la Informacion,2019,81.91,26.19,18.29,13.86,4.4,0.32,0.24,7.03,29.2,7.65,5.34,0.89,0.43
328,META,Meta Platforms Inc.,54,Tecnologia de la Informacion,2018,83.18,39.76,26.28,22.72,7.19,0.16,0.14,8.41,15.59,6.2,4.1,0.0,0.0
